dia;Modelo;Placa;odometro  Final;odometro Inicial;Distancia Diaria;Consumo Promedio [kWh/km];Energia [kWh];Costo Aproximado [$MXN];kgCO2;Scoring;Nro. de Veloc.;Penalizacion Veloc.;Nro. de Acel.;Penalizacion  Acel.;Nro. de Fren.;Penalizacion Fren.
24/7/2024;JAC EJ7;26F433;150,851,00;150,851,00;0;0,165;0;0;0;NULL;NULL;NULL;NULL;NULL;NULL;NULL
4/8/2024;JAC EJ7;26F433;151,891,00;151,828,00;63;0,165;10,42;48,97;4,48;NULL;NULL;NULL;NULL;NULL;NULL;NULL
31/8/2024;JAC EJ7;26F433;156,814,00;156,599,00;215;0,165;35,55;167,09;15,29;8.909.999.971.091.740;2;0.20000000298023224;15;5.600.000.083.446.500;18;5.100.000.202.655.790
30/8/2024;JAC EJ7;26F433;156,599,00;156,334,00;265;0,165;43,81;205,91;18,84;8.559.999.963.641.160;5;0.800000011920929;20;7.600.000.113.248.820;21;6.000.000.238.418.570
29/8/2024;JAC EJ7;26F433;156,334,00;156,218,00;116;0,165;19,18;90,15;8,25;9.229.999.978.840.350;2;0.20000000298023224;10;36.000.000.536.441.800;14;39.000.001.549.720.700
28/8/2024;JAC EJ7;26F433;156,218,00;156,070,00;148;0,165;24,47;115,01;10,52;9.349.999.979.138.370;0;0;6;20.000.000.298.023.200;16;4.500.000.178.813.930
27/8/2024;JAC EJ7;26F433;156,070,00;156,006,00;64;0,165;10,58;49,73;4,55;9.859.999.996.423.720;1;0;3;0.800000011920929;3;0.6000000238418579
26/8/2024;JAC EJ7;26F433;156,006,00;155,824,00;182;0,165;30,09;141,42;12,94;9.349.999.982.118.600;0;0;9;3.200.000.047.683.710;12;33.000.001.311.302.100
25/8/2024;JAC EJ7;26F433;155,824,00;155,731,00;93;0,165;15,38;72,29;6,61;971.999.998.986.721;1;0;2;0.4000000059604645;9;24.000.000.953.674.300
24/8/2024;JAC EJ7;26F433;155,731,00;155,460,00;271;0,165;44,8;210,56;19,26;7.159.999.923.408.030;2;0.20000000298023224;37;14.400.000.214.576.700;47;13.800.000.548.362.700
23/8/2024;JAC EJ7;26F433;155,460,00;155,284,00;176;0,165;29,1;136,77;12,51;6.959.999.929.368.490;2;0.20000000298023224;51;20.000.000.298.023.200;35;10.200.000.405.311.500
22/8/2024;JAC EJ7;26F433;155,284,00;155,037,00;247;0,165;40,84;191,95;17,56;6.159.999.890.625.470;2;0.20000000298023224;44;17.200.000.256.299.900;71;21.000.000.834.465.000
21/8/2024;JAC EJ7;26F433;155,037,00;154,937,00;100;0,165;16,53;77,69;7,11;8.979.999.974.370.000;1;0;16;6.000.000.089.406.960;15;4.200.000.166.893.000
20/8/2024;JAC EJ7;26F433;154,937,00;154,768,00;169;0,165;27,94;131,32;12,01;9.029.999.975.860.110;2;0.20000000298023224;15;5.600.000.083.446.500;14;39.000.001.549.720.700
19/8/2024;JAC EJ7;26F433;154,768,00;154,569,00;199;0,165;32,9;154,63;14,15;8.449.999.955.296.510;1;0;18;6.800.000.101.327.890;30;870.000.034.570.694
18/8/2024;JAC EJ7;26F433;154,569,00;154,300,00;269;0,165;44,47;209,01;19,12;8.469.999.958.574.770;2;0.20000000298023224;20;7.600.000.113.248.820;26;7.500.000.298.023.220
17/8/2024;JAC EJ7;26F433;154,300,00;154,059,00;241;0,165;39,84;187,25;17,13;8.759.999.963.641.160;3;0.4000000059604645;13;4.800.000.071.525.570;25;7.200.000.286.102.290
16/8/2024;JAC EJ7;26F433;154,059,00;153,778,00;281;0,165;46,46;218,36;19,98;6.959.999.917.447.560;4;0.6000000089406967;38;14.800.000.220.537.100;51;15.000.000.596.046.400
15/8/2024;JAC EJ7;26F433;153,778,00;153,584,00;194;0,165;32,07;150,73;13,79;8.539.999.958.872.790;1;0;18;6.800.000.101.327.890;27;7.800.000.309.944.150
14/8/2024;JAC EJ7;26F433;153,584,00;153,417,00;167;0,165;27,61;129,77;11,87;9.119.999.974.966.040;1;0;11;4.000.000.059.604.640;17;4.800.000.190.734.860
13/8/2024;JAC EJ7;26F433;153,417,00;153,292,00;125;0,165;20,67;97,15;8,89;9.709.999.993.443.480;0;0;6;20.000.000.298.023.200;4;0.9000000357627869
12/8/2024;JAC EJ7;26F433;153,292,00;153,068,00;224;0,165;37,03;174,04;15,92;6.789.999.911.189.070;0;0;40;15.600.000.232.458.100;56;16.500.000.655.651.000
11/8/2024;JAC EJ7;26F433;153,068,00;152,884,00;184;0,165;30,42;142,97;13,08;9.289.999.982.714.650;0;0;12;4.400.000.065.565.100;10;27.000.001.072.883.600
10/8/2024;JAC EJ7;26F433;152,884,00;152,690,00;194;0,165;32,07;150,73;13,79;8.449.999.956.786.630;2;0.20000000298023224;19;7.200.000.107.288.360;28;8.100.000.321.865.080
9/8/2024;JAC EJ7;26F433;152,690,00;152,563,00;127;0,165;21;98,7;9,03;9.199.999.979.138.370;0;0;12;4.400.000.065.565.100;13;36.000.001.430.511.400
8/8/2024;JAC EJ7;26F433;152,563,00;152,430,00;133;0,165;21,99;103,35;9,46;9.679.999.992.251.390;1;0;6;20.000.000.298.023.200;5;12.000.000.476.837.100
7/8/2024;JAC EJ7;26F433;152,430,00;152,293,00;137;0,165;22,65;106,46;9,74;9.059.999.975.562.090;1;0;14;5.200.000.077.486.030;15;4.200.000.166.893.000
6/8/2024;JAC EJ7;26F433;152,293,00;152,058,00;235;0,165;38,85;182,6;16,71;8.679.999.968.409.530;3;0.4000000059604645;21;800.000.011.920.929;17;4.800.000.190.734.860
5/8/2024;JAC EJ7;26F433;152,058,00;151,891,00;167;0,165;27,61;129,77;11,87;8.429.999.954.998.490;4;0.6000000089406967;17;6.400.000.095.367.430;30;870.000.034.570.694
3/8/2024;JAC EJ7;26F433;151,828,00;151,748,00;80;0,165;13,23;62,18;5,69;935.999.998.152.256;1;0;8;28.000.000.417.232.500;13;36.000.001.430.511.400
2/8/2024;JAC EJ7;26F433;151,748,00;151,646,00;102;0,165;16,86;79,24;7,25;8.919.999.971.985.810;1;0;16;6.000.000.089.406.960;17;4.800.000.190.734.860
1/8/2024;JAC EJ7;26F433;151,646,00;151,534,00;112;0,165;18,52;87,04;7,96;7.599.999.937.415.120;1;0;34;13.200.000.196.695.300;37;10.800.000.429.153.400
31/7/2024;JAC EJ7;26F433;151,534,00;151,464,00;70;0,165;11,57;54,38;4,98;8.249.999.955.296.510;1;0;26;10.000.000.149.011.600;26;7.500.000.298.023.220
30/7/2024;JAC EJ7;26F433;151,464,00;151,356,00;108;0,165;17,86;83,94;7,68;8.889.999.973.773.950;1;0;19;7.200.000.107.288.360;14;39.000.001.549.720.700
29/7/2024;JAC EJ7;26F433;151,356,00;151,341,00;15;0,165;2,48;11,66;1,07;100;0;0;1;0;1;0
28/7/2024;JAC EJ7;26F433;151,341,00;151,197,00;144;0,165;23,81;111,91;10,24;9.509.999.987.483.020;5;0.800000011920929;6;20.000.000.298.023.200;8;21.000.000.834.465.000
27/7/2024;JAC EJ7;26F433;151,197,00;151,061,00;136;0,165;22,48;105,66;9,67;9.539.999.985.694.880;1;0;5;1.600.000.023.841.850;11;30.000.001.192.092.800
26/7/2024;JAC EJ7;26F433;151,061,00;150,965,00;96;0,165;15,87;74,59;6,82;920.999.997.407.198;2;0.20000000298023224;6;20.000.000.298.023.200;20;570.000.022.649.765
25/7/2024;JAC EJ7;26F433;150,965,00;150,851,00;114;0,165;18,85;88,6;8,11;9.759.999.993.443.480;0;0;4;12.000.000.178.813.900;5;12.000.000.476.837.100
23/7/2024;JAC EJ7;26F433;150,851,00;150,744,00;107;0,165;17,69;83,14;7,61;9.619.999.986.886.970;1;0;3;0.800000011920929;11;30.000.001.192.092.800
22/7/2024;JAC EJ7;26F433;150,744,00;150,648,00;96;0,165;15,87;74,59;6,82;9.149.999.979.138.370;1;0;14;5.200.000.077.486.030;12;33.000.001.311.302.100
21/7/2024;JAC EJ7;26F433;150,648,00;150,467,00;181;0,165;29,92;140,62;12,87;925.999.998.152.256;0;0;12;4.400.000.065.565.100;11;30.000.001.192.092.800
20/7/2024;JAC EJ7;26F433;150,467,00;150,392,00;75;0,165;12,4;58,28;5,33;8.859.999.969.601.630;1;0;16;6.000.000.089.406.960;19;5.400.000.214.576.720
19/7/2024;JAC EJ7;26F433;150,392,00;150,160,00;232;0,165;38,36;180,29;16,49;8.849.999.967.217.440;1;0;14;5.200.000.077.486.030;22;6.300.000.250.339.500
18/7/2024;JAC EJ7;26F433;150,160,00;149,992,00;168;0,165;27,78;130,57;11,95;8.789.999.967.813.490;1;0;17;6.400.000.095.367.430;20;570.000.022.649.765
17/7/2024;JAC EJ7;26F433;149,992,00;149,920,00;72;0,165;11,9;55,93;5,12;9.449.999.988.079.070;1;0;11;4.000.000.059.604.640;6;15.000.000.596.046.400
16/7/2024;JAC EJ7;26F433;149,920,00;149,861,00;59;0,165;9,75;45,83;4,19;9.779.999.992.251.390;0;0;2;0.4000000059604645;7;18.000.000.715.255.700
15/7/2024;JAC EJ7;26F433;149,861,00;149,770,00;91;0,165;15,05;70,74;6,47;9.259.999.975.562.090;1;0;6;20.000.000.298.023.200;19;5.400.000.214.576.720
14/7/2024;JAC EJ7;26F433;149,770,00;149,688,00;82;0,165;13,56;63,73;5,83;8.979.999.968.409.530;1;0;10;36.000.000.536.441.800;23;6.600.000.262.260.430
13/7/2024;JAC EJ7;26F433;149,688,00;149,552,00;136;0,165;22,48;105,66;9,67;8.989.999.969.303.600;2;0.20000000298023224;10;36.000.000.536.441.800;22;6.300.000.250.339.500
12/7/2024;JAC EJ7;26F433;149,552,00;149,368,00;184;0,165;30,42;142,97;13,08;9.389.999.979.734.420;1;0;5;1.600.000.023.841.850;16;4.500.000.178.813.930
11/7/2024;JAC EJ7;26F433;149,368,00;149,117,00;251;0,165;41,5;195,05;17,85;7.889.999.940.991.400;5;0.800000011920929;24;9.200.000.137.090.680;38;11.100.000.441.074.300
10/7/2024;JAC EJ7;26F433;149,117,00;148,966,00;151;0,165;24,96;117,31;10,73;881.999.996.304.512;1;0;11;4.000.000.059.604.640;27;7.800.000.309.944.150
9/7/2024;JAC EJ7;26F433;148,966,00;148,860,00;106;0,165;17,52;82,34;7,53;978.999.999.165.535;1;0;1;0;8;21.000.000.834.465.000
8/7/2024;JAC EJ7;26F433;148,860,00;148,709,00;151;0,165;24,96;117,31;10,73;9.129.999.972.879.880;2;0.20000000298023224;8;28.000.000.417.232.500;20;570.000.022.649.765
7/7/2024;JAC EJ7;26F433;148,709,00;148,514,00;195;0,165;32,24;151,53;13,86;8.929.999.968.409.530;3;0.4000000059604645;11;4.000.000.059.604.640;22;6.300.000.250.339.500
6/7/2024;JAC EJ7;26F433;148,514,00;148,339,00;175;0,165;28,93;135,97;12,44;8.599.999.964.237.210;3;0.4000000059604645;20;7.600.000.113.248.820;21;6.000.000.238.418.570
5/7/2024;JAC EJ7;26F433;148,339,00;148,142,00;197;0,165;32,57;153,08;14,01;9.609.999.987.483.020;3;0.4000000059604645;3;0.800000011920929;10;27.000.001.072.883.600
4/7/2024;JAC EJ7;26F433;148,142,00;148,026,00;116;0,165;19,18;90,15;8,25;908.999.997.228.384;2;0.20000000298023224;9;3.200.000.047.683.710;20;570.000.022.649.765
3/7/2024;JAC EJ7;26F433;148,026,00;147,884,00;142;0,165;23,48;110,36;10,1;9.009.999.969.601.630;1;0;10;36.000.000.536.441.800;22;6.300.000.250.339.500
2/7/2024;JAC EJ7;26F433;147,884,00;147,736,00;148;0,165;24,47;115,01;10,52;882.999.996.393.919;2;0.20000000298023224;11;4.000.000.059.604.640;26;7.500.000.298.023.220
1/7/2024;JAC EJ7;26F433;147,736,00;147,555,00;181;0,165;29,92;140,62;12,87;8.419.999.954.104.420;1;0;18;6.800.000.101.327.890;31;9.000.000.357.627.860
30/6/2024;JAC EJ7;26F433;147,555,00;147,382,00;173;0,165;28,6;134,42;12,3;9.699.999.991.059.300;0;0;4;12.000.000.178.813.900;7;18.000.000.715.255.700
29/6/2024;JAC EJ7;26F433;147,382,00;147,058,00;324;0,165;53,57;251,78;23,04;8.029.999.946.057.790;8;14.000.000.208.616.200;22;8.400.000.125.169.750;34;9.900.000.393.390.650
28/6/2024;JAC EJ7;26F433;147,058,00;146,875,00;183;0,165;30,26;142,22;13,01;883.999.996.483.326;3;0.4000000059604645;11;4.000.000.059.604.640;25;7.200.000.286.102.290
27/6/2024;JAC EJ7;26F433;146,875,00;146,749,00;126;0,165;20,83;97,9;8,96;8.979.999.968.409.530;0;0;10;36.000.000.536.441.800;23;6.600.000.262.260.430
26/6/2024;JAC EJ7;26F433;146,749,00;146,638,00;111;0,165;18,35;86,25;7,89;973.999.999.165.535;0;0;3;0.800000011920929;7;18.000.000.715.255.700
25/6/2024;JAC EJ7;26F433;146,638,00;146,504,00;134;0,165;22,15;104,11;9,52;9.909.999.996.423.720;1;0;1;0;4;0.9000000357627869
24/6/2024;JAC EJ7;26F433;146,504,00;146,360,00;144;0,165;23,81;111,91;10,24;9.579.999.986.290.930;1;0;4;12.000.000.178.813.900;11;30.000.001.192.092.800
23/6/2024;JAC EJ7;26F433;146,360,00;146,160,00;200;0,165;33,07;155,43;14,22;9.119.999.977.946.280;9;1.600.000.023.841.850;10;36.000.000.536.441.800;13;36.000.001.430.511.400
22/6/2024;JAC EJ7;26F433;146,160,00;145,895,00;265;0,165;43,81;205,91;18,84;8.689.999.960.362.910;6;10.000.000.149.011.600;11;4.000.000.059.604.640;28;8.100.000.321.865.080
21/6/2024;JAC EJ7;26F433;145,895,00;145,559,00;336;0,165;55,55;261,09;23,89;8.489.999.957.382.670;6;10.000.000.149.011.600;16;6.000.000.089.406.960;28;8.100.000.321.865.080
20/6/2024;JAC EJ7;26F433;145,559,00;145,365,00;194;0,165;32,07;150,73;13,79;8.819.999.964.535.230;8;14.000.000.208.616.200;9;3.200.000.047.683.710;25;7.200.000.286.102.290
19/6/2024;JAC EJ7;26F433;145,365,00;145,338,00;27;0,165;4,46;20,96;1,92;987.999.999.821.186;0;0;4;12.000.000.178.813.900;1;0
18/6/2024;JAC EJ7;26F433;145,338,00;145,213,00;125;0,165;20,67;97,15;8,89;9.549.999.985.098.830;1;0;4;12.000.000.178.813.900;12;33.000.001.311.302.100
17/6/2024;JAC EJ7;26F433;145,213,00;145,019,00;194;0,165;32,07;150,73;13,79;9.179.999.974.370.000;0;0;8;28.000.000.417.232.500;19;5.400.000.214.576.720
16/6/2024;JAC EJ7;26F433;145,019,00;144,780,00;239;0,165;39,51;185,7;16,99;9.199.999.979.138.370;3;0.4000000059604645;11;4.000.000.059.604.640;13;36.000.001.430.511.400
15/6/2024;JAC EJ7;26F433;144,780,00;144,662,00;118;0,165;19,51;91,7;8,39;9.369.999.977.946.280;1;0;4;12.000.000.178.813.900;18;5.100.000.202.655.790
14/6/2024;JAC EJ7;26F433;144,662,00;144,422,00;240;0,165;39,68;186,5;17,06;7.779.999.943.077.560;2;0.20000000298023224;32;12.400.000.184.774.300;33;9.600.000.381.469.720
13/6/2024;JAC EJ7;26F433;144,422,00;144,149,00;273;0,165;45,14;212,16;19,41;8.369.999.954.104.420;11;20.000.000.298.023.200;15;5.600.000.083.446.500;30;870.000.034.570.694
12/6/2024;JAC EJ7;26F433;144,149,00;143,946,00;203;0,165;33,56;157,73;14,43;9.009.999.972.581.860;1;0;13;4.800.000.071.525.570;18;5.100.000.202.655.790
11/6/2024;JAC EJ7;26F433;143,946,00;143,704,00;242;0,165;40,01;188,05;17,2;7.629.999.934.136.860;6;10.000.000.149.011.600;27;10.400.000.154.972.000;42;12.300.000.488.758.000
10/6/2024;JAC EJ7;26F433;143,704,00;143,553,00;151;0,165;24,96;117,31;10,73;9.639.999.988.675.110;1;0;4;12.000.000.178.813.900;9;24.000.000.953.674.300
9/6/2024;JAC EJ7;26F433;143,553,00;143,194,00;359;0,165;59,35;278,95;25,52;8.899.999.971.687.790;10;18.000.000.268.220.900;12;4.400.000.065.565.100;17;4.800.000.190.734.860
8/6/2024;JAC EJ7;26F433;143,194,00;142,962,00;232;0,165;38,36;180,29;16,49;9.099.999.976.158.140;3;0.4000000059604645;12;4.400.000.065.565.100;15;4.200.000.166.893.000
7/6/2024;JAC EJ7;26F433;142,962,00;142,731,00;231;0,165;38,19;179,49;16,42;9.109.999.975.562.090;5;0.800000011920929;10;36.000.000.536.441.800;16;4.500.000.178.813.930
6/6/2024;JAC EJ7;26F433;142,731,00;142,582,00;149;0,165;24,63;115,76;10,59;7.439.999.933.540.820;2;0.20000000298023224;36;14.000.000.208.616.200;39;114.000.004.529.953
5/6/2024;JAC EJ7;26F433;142,582,00;142,408,00;174;0,165;28,77;135,22;12,37;8.859.999.969.601.630;1;0;16;6.000.000.089.406.960;19;5.400.000.214.576.720
4/6/2024;JAC EJ7;26F433;142,408,00;142,201,00;207;0,165;34,22;160,83;14,71;6.719.999.922.811.980;8;14.000.000.208.616.200;51;20.000.000.298.023.200;39;114.000.004.529.953
3/6/2024;JAC EJ7;26F433;142,201,00;141,994,00;207;0,165;34,22;160,83;14,71;9.839.999.994.635.580;0;0;2;0.4000000059604645;5;12.000.000.476.837.100
2/6/2024;JAC EJ7;26F433;141,994,00;141,749,00;245;0,165;40,51;190,4;17,42;838.999.995.291.233;0;0;18;6.800.000.101.327.890;32;9.300.000.369.548.790
1/6/2024;JAC EJ7;26F433;141,749,00;141,599,00;150;0,165;24,8;116,56;10,66;9.399.999.982.118.600;0;0;7;2.400.000.035.762.780;13;36.000.001.430.511.400
1/7/2024;JAC EJ7;26F459;162,745,00;162,745,00;0;0,18;0;0;0;NULL;NULL;NULL;NULL;NULL;NULL;NULL
31/8/2024;JAC EJ7;26F459;169,038,00;168,826,00;212;0,18;38,24;179,73;16,44;8.329.999.950.528.140;1;0;18;6.800.000.101.327.890;34;9.900.000.393.390.650
30/8/2024;JAC EJ7;26F459;168,826,00;168,646,00;180;0,18;32,46;152,56;13,96;8.399.999.958.276.740;1;0;23;8.800.000.131.130.210;25;7.200.000.286.102.290
29/8/2024;JAC EJ7;26F459;168,646,00;168,558,00;88;0,18;15,87;74,59;6,82;9.169.999.977.946.280;0;0;12;4.400.000.065.565.100;14;39.000.001.549.720.700
28/8/2024;JAC EJ7;26F459;168,558,00;168,413,00;145;0,18;26,15;122,91;11,24;832.999.995.648.861;0;0;24;9.200.000.137.090.680;26;7.500.000.298.023.220
27/8/2024;JAC EJ7;26F459;168,413,00;168,322,00;91;0,18;16,41;77,13;7,06;9.119.999.971.985.810;0;0;8;28.000.000.417.232.500;21;6.000.000.238.418.570
26/8/2024;JAC EJ7;26F459;168,322,00;168,271,00;51;0,18;9,2;43,24;3,96;100;0;0;1;0;1;0
25/8/2024;JAC EJ7;26F459;168,271,00;168,001,00;270;0,18;48,7;228,89;20,94;868.999.996.483.326;1;0;18;6.800.000.101.327.890;22;6.300.000.250.339.500
24/8/2024;JAC EJ7;26F459;168,001,00;167,785,00;216;0,18;38,96;183,11;16,75;9.019.999.970.495.700;2;0.20000000298023224;10;36.000.000.536.441.800;21;6.000.000.238.418.570
23/8/2024;JAC EJ7;26F459;167,785,00;167,644,00;141;0,18;25,43;119,52;10,93;9.299.999.985.098.830;0;0;14;5.200.000.077.486.030;7;18.000.000.715.255.700
22/8/2024;JAC EJ7;26F459;167,644,00;167,354,00;290;0,18;52,3;245,81;22,49;799.999.994.635.582;3;0.4000000059604645;26;10.000.000.149.011.600;33;9.600.000.381.469.720
21/8/2024;JAC EJ7;26F459;167,354,00;167,169,00;185;0,18;33,37;156,84;14,35;9.089.999.975.264.070;2;0.20000000298023224;12;4.400.000.065.565.100;16;4.500.000.178.813.930
20/8/2024;JAC EJ7;26F459;167,169,00;167,040,00;129;0,18;23,27;109,37;10,01;9.349.999.985.098.830;1;0;12;4.400.000.065.565.100;8;21.000.000.834.465.000
19/8/2024;JAC EJ7;26F459;167,040,00;166,824,00;216;0,18;38,96;183,11;16,75;9.009.999.971.091.740;2;0.20000000298023224;11;4.000.000.059.604.640;20;570.000.022.649.765
18/8/2024;JAC EJ7;26F459;166,824,00;166,607,00;217;0,18;39,14;183,96;16,83;8.429.999.950.528.140;3;0.4000000059604645;13;4.800.000.071.525.570;36;10.500.000.417.232.500
17/8/2024;JAC EJ7;26F459;166,607,00;166,431,00;176;0,18;31,74;149,18;13,65;8.939.999.970.793.720;0;0;14;5.200.000.077.486.030;19;5.400.000.214.576.720
16/8/2024;JAC EJ7;26F459;166,431,00;166,189,00;242;0,18;43,65;205,16;18,77;8.499.999.959.766.860;4;0.6000000089406967;19;7.200.000.107.288.360;25;7.200.000.286.102.290
15/8/2024;JAC EJ7;26F459;166,189,00;166,106,00;83;0,18;14,97;70,36;6,44;9.879.999.995.231.620;0;0;1;0;5;12.000.000.476.837.100
14/8/2024;JAC EJ7;26F459;166,106,00;165,970,00;136;0,18;24,53;115,29;10,55;9.099.999.979.138.370;0;0;16;6.000.000.089.406.960;11;30.000.001.192.092.800
13/8/2024;JAC EJ7;26F459;165,970,00;165,889,00;81;0,18;14,61;68,67;6,28;9.759.999.993.443.480;1;0;4;12.000.000.178.813.900;5;12.000.000.476.837.100
12/8/2024;JAC EJ7;26F459;165,889,00;165,706,00;183;0,18;33,01;155,15;14,19;94.799.999.833.107;0;0;5;1.600.000.023.841.850;13;36.000.001.430.511.400
11/8/2024;JAC EJ7;26F459;165,706,00;165,559,00;147;0,18;26,51;124,6;11,4;8.589.999.967.813.490;1;0;25;9.600.000.143.051.140;16;4.500.000.178.813.930
10/8/2024;JAC EJ7;26F459;165,559,00;165,337,00;222;0,18;40,04;188,19;17,22;8.969.999.970.495.700;2;0.20000000298023224;12;4.400.000.065.565.100;20;570.000.022.649.765
9/8/2024;JAC EJ7;26F459;165,337,00;165,189,00;148;0,18;26,69;125,44;11,48;9.139.999.979.734.420;1;0;15;5.600.000.083.446.500;11;30.000.001.192.092.800
8/8/2024;JAC EJ7;26F459;165,189,00;165,097,00;92;0,18;16,59;77,97;7,13;9.759.999.993.443.480;0;0;4;12.000.000.178.813.900;5;12.000.000.476.837.100
7/8/2024;JAC EJ7;26F459;165,097,00;164,926,00;171;0,18;30,84;144,95;13,26;9.829.999.995.231.620;0;0;3;0.800000011920929;4;0.9000000357627869
6/8/2024;JAC EJ7;26F459;164,926,00;164,863,00;63;0,18;11,36;53,39;4,88;9.399.999.985.098.830;1;0;10;36.000.000.536.441.800;9;24.000.000.953.674.300
5/8/2024;JAC EJ7;26F459;164,863,00;164,741,00;122;0,18;22;103,4;9,46;9.069.999.971.985.810;1;0;10;36.000.000.536.441.800;20;570.000.022.649.765
4/8/2024;JAC EJ7;26F459;164,741,00;164,653,00;88;0,18;15,87;74,59;6,82;8.909.999.972.581.860;0;0;17;6.400.000.095.367.430;16;4.500.000.178.813.930
3/8/2024;JAC EJ7;26F459;164,653,00;164,551,00;102;0,18;18,4;86,48;7,91;9.939.999.997.615.810;0;0;1;0;3;0.6000000238418579
2/8/2024;JAC EJ7;26F459;164,551,00;164,430,00;121;0,18;21,82;102,55;9,38;9.869.999.995.827.670;0;0;2;0.4000000059604645;4;0.9000000357627869
1/8/2024;JAC EJ7;26F459;164,430,00;164,364,00;66;0,18;11,9;55,93;5,12;9.729.999.995.231.620;0;0;7;2.400.000.035.762.780;2;0.30000001192092896
31/7/2024;JAC EJ7;26F459;164,364,00;164,252,00;112;0,18;20,2;94,94;8,69;9.399.999.985.098.830;0;0;10;36.000.000.536.441.800;9;24.000.000.953.674.300
30/7/2024;JAC EJ7;26F459;164,252,00;164,150,00;102;0,18;18,4;86,48;7,91;9.699.999.991.059.300;0;0;4;12.000.000.178.813.900;7;18.000.000.715.255.700
29/7/2024;JAC EJ7;26F459;164,150,00;164,091,00;59;0,18;10,64;50,01;4,58;9.869.999.995.827.670;0;0;2;0.4000000059604645;4;0.9000000357627869
28/7/2024;JAC EJ7;26F459;164,091,00;163,992,00;99;0,18;17,86;83,94;7,68;8.219.999.957.084.650;1;0;29;11.200.000.166.893.000;23;6.600.000.262.260.430
27/7/2024;JAC EJ7;26F459;163,992,00;163,812,00;180;0,18;32,46;152,56;13,96;718.999.992.609.024;0;0;39;1.520.000.022.649.760;44;12.900.000.512.599.900
26/7/2024;JAC EJ7;26F459;163,812,00;163,599,00;213;0,18;38,42;180,57;16,52;897.999.997.138.977;1;0;13;4.800.000.071.525.570;19;5.400.000.214.576.720
25/7/2024;JAC EJ7;26F459;163,599,00;163,386,00;213;0,18;38,42;180,57;16,52;9.509.999.987.483.020;1;0;8;28.000.000.417.232.500;8;21.000.000.834.465.000
24/7/2024;JAC EJ7;26F459;163,386,00;163,252,00;134;0,18;24,17;113,6;10,39;8.049.999.947.845.930;2;0.20000000298023224;26;10.000.000.149.011.600;32;9.300.000.369.548.790
23/7/2024;JAC EJ7;26F459;163,252,00;163,046,00;206;0,18;37,15;174,61;15,97;8.739.999.958.872.790;1;0;10;36.000.000.536.441.800;31;9.000.000.357.627.860
22/7/2024;JAC EJ7;26F459;163,046,00;163,006,00;40;0,18;7,21;33,89;3,1;9.939.999.997.615.810;0;0;1;0;3;0.6000000238418579
21/7/2024;JAC EJ7;26F459;163,006,00;162,906,00;100;0,18;18,04;84,79;7,76;9.369.999.980.926.510;1;0;7;2.400.000.035.762.780;14;39.000.001.549.720.700
20/7/2024;JAC EJ7;26F459;162,906,00;162,852,00;54;0,18;9,74;45,78;4,19;8.889.999.967.813.490;1;0;13;4.800.000.071.525.570;22;6.300.000.250.339.500
19/7/2024;JAC EJ7;26F459;162,852,00;162,782,00;70;0,18;12,63;59,36;5,43;9.819.999.995.827.670;0;0;4;12.000.000.178.813.900;3;0.6000000238418579
18/7/2024;JAC EJ7;26F459;162,782,00;162,773,00;9;0,18;1,62;7,61;0,7;9.679.999.992.251.390;0;0;6;20.000.000.298.023.200;5;12.000.000.476.837.100
10/7/2024;JAC EJ7;26F459;162,773,00;162,746,00;27;0,18;4,87;22,89;2,09;9.969.999.998.807.900;0;0;1;0;2;0.30000001192092896
2/7/2024;JAC EJ7;26F459;162,746,00;162,745,00;1;0,18;0,18;0,85;0,08;100;0;0;0;0;0;0
28/6/2024;JAC EJ7;26F459;162,745,00;162,708,00;37;0,18;6,67;31,35;2,87;100;0;0;1;0;0;0
27/6/2024;JAC EJ7;26F459;162,708,00;162,522,00;186;0,18;33,55;157,69;14,43;8.849.999.971.687.790;2;0.20000000298023224;18;6.800.000.101.327.890;16;4.500.000.178.813.930
26/6/2024;JAC EJ7;26F459;162,522,00;162,415,00;107;0,18;19,3;90,71;8,3;9.329.999.981.820.580;2;0.20000000298023224;9;3.200.000.047.683.710;12;33.000.001.311.302.100
25/6/2024;JAC EJ7;26F459;162,415,00;162,279,00;136;0,18;24,53;115,29;10,55;9.339.999.981.224.530;2;0.20000000298023224;8;28.000.000.417.232.500;13;36.000.001.430.511.400
24/6/2024;JAC EJ7;26F459;162,279,00;162,219,00;60;0,18;10,82;50,85;4,65;9.969.999.998.807.900;0;0;0;0;2;0.30000001192092896
23/6/2024;JAC EJ7;26F459;162,219,00;162,036,00;183;0,18;33,01;155,15;14,19;8.319.999.952.614.300;2;0.20000000298023224;20;7.600.000.113.248.820;31;9.000.000.357.627.860
22/6/2024;JAC EJ7;26F459;162,036,00;161,916,00;120;0,18;21,64;101,71;9,31;9.569.999.983.906.740;0;0;2;0.4000000059604645;14;39.000.001.549.720.700
21/6/2024;JAC EJ7;26F459;161,916,00;161,790,00;126;0,18;22,73;106,83;9,77;8.849.999.967.217.440;1;0;14;5.200.000.077.486.030;22;6.300.000.250.339.500
20/6/2024;JAC EJ7;26F459;161,790,00;161,661,00;129;0,18;23,27;109,37;10,01;842.999.995.648.861;1;0;20;7.600.000.113.248.820;28;8.100.000.321.865.080
19/6/2024;JAC EJ7;26F459;161,661,00;161,534,00;127;0,18;22,91;107,68;9,85;8.989.999.973.773.950;1;0;15;5.600.000.083.446.500;16;4.500.000.178.813.930
18/6/2024;JAC EJ7;26F459;161,534,00;161,429,00;105;0,18;18,94;89,02;8,14;9.899.999.997.019.760;1;0;2;0.4000000059604645;3;0.6000000238418579
17/6/2024;JAC EJ7;26F459;161,429,00;161,284,00;145;0,18;26,15;122,91;11,24;992.999.999.821.186;1;0;2;0.4000000059604645;2;0.30000001192092896
16/6/2024;JAC EJ7;26F459;161,284,00;161,107,00;177;0,18;31,92;150,02;13,73;9.249.999.979.138.370;0;0;10;36.000.000.536.441.800;14;39.000.001.549.720.700
15/6/2024;JAC EJ7;26F459;161,107,00;160,962,00;145;0,18;26,15;122,91;11,24;9.899.999.997.019.760;1;0;2;0.4000000059604645;3;0.6000000238418579
14/6/2024;JAC EJ7;26F459;160,962,00;160,770,00;192;0,18;34,63;162,76;14,89;9.429.999.981.820.580;2;0.20000000298023224;5;1.600.000.023.841.850;14;39.000.001.549.720.700
13/6/2024;JAC EJ7;26F459;160,770,00;160,638,00;132;0,18;23,81;111,91;10,24;9.439.999.985.694.880;0;0;9;3.200.000.047.683.710;9;24.000.000.953.674.300
12/6/2024;JAC EJ7;26F459;160,638,00;160,499,00;139;0,18;25,07;117,83;10,78;9.579.999.989.271.160;0;0;7;2.400.000.035.762.780;7;18.000.000.715.255.700
11/6/2024;JAC EJ7;26F459;160,499,00;160,325,00;174;0,18;31,38;147,49;13,49;9.019.999.971.985.810;0;0;12;4.400.000.065.565.100;19;5.400.000.214.576.720
10/6/2024;JAC EJ7;26F459;160,325,00;160,196,00;129;0,18;23,27;109,37;10,01;9.369.999.980.926.510;1;0;7;2.400.000.035.762.780;14;39.000.001.549.720.700
9/6/2024;JAC EJ7;26F459;160,196,00;159,862,00;334;0,18;60,24;283,13;25,9;9.049.999.968.707.560;4;0.6000000089406967;6;20.000.000.298.023.200;24;6.900.000.274.181.360
8/6/2024;JAC EJ7;26F459;159,862,00;159,696,00;166;0,18;29,94;140,72;12,87;904.999.997.317.791;0;0;12;4.400.000.065.565.100;18;5.100.000.202.655.790
7/6/2024;JAC EJ7;26F459;159,696,00;159,533,00;163;0,18;29,4;138,18;12,64;9.219.999.976.456.160;2;0.20000000298023224;8;28.000.000.417.232.500;17;4.800.000.190.734.860
6/6/2024;JAC EJ7;26F459;159,533,00;159,392,00;141;0,18;25,43;119,52;10,93;8.309.999.957.680.700;0;0;26;10.000.000.149.011.600;24;6.900.000.274.181.360
5/6/2024;JAC EJ7;26F459;159,392,00;159,234,00;158;0,18;28,5;133,95;12,26;7.549.999.932.944.770;2;0.20000000298023224;31;12.000.000.178.813.900;42;12.300.000.488.758.000
4/6/2024;JAC EJ7;26F459;159,234,00;159,148,00;86;0,18;15,51;72,9;6,67;9.589.999.988.675.110;0;0;6;20.000.000.298.023.200;8;21.000.000.834.465.000
3/6/2024;JAC EJ7;26F459;159,148,00;159,058,00;90;0,18;16,23;76,28;6,98;9.239.999.982.714.650;1;0;14;5.200.000.077.486.030;9;24.000.000.953.674.300
2/6/2024;JAC EJ7;26F459;159,058,00;158,826,00;232;0,18;41,84;196,65;17,99;9.079.999.975.860.110;4;0.6000000089406967;12;4.400.000.065.565.100;15;4.200.000.166.893.000
1/6/2024;JAC EJ7;26F459;158,826,00;158,590,00;236;0,18;42,56;200,03;18,3;9.059.999.975.562.090;1;0;14;5.200.000.077.486.030;15;4.200.000.166.893.000
18/6/2024;JAC EJ7;28F749;138,250,00;138,232,00;18;0,195;3,52;16,54;1,51;NULL;NULL;NULL;NULL;NULL;NULL;NULL
31/8/2024;JAC EJ7;28F749;148,697,00;148,449,00;248;0,195;48,46;227,76;20,84;9.059.999.972.581.860;0;0;11;4.000.000.059.604.640;19;5.400.000.214.576.720
30/8/2024;JAC EJ7;28F749;148,449,00;148,253,00;196;0,195;38,3;180,01;16,47;8.079.999.952.018.260;2;0.20000000298023224;29;11.200.000.166.893.000;27;7.800.000.309.944.150
29/8/2024;JAC EJ7;28F749;148,253,00;148,166,00;87;0,195;17;79,9;7,31;9.839.999.994.635.580;0;0;2;0.4000000059604645;5;12.000.000.476.837.100
28/8/2024;JAC EJ7;28F749;148,166,00;147,951,00;215;0,195;42,01;197,45;18,06;8.459.999.963.641.160;0;0;26;10.000.000.149.011.600;19;5.400.000.214.576.720
27/8/2024;JAC EJ7;28F749;147,951,00;147,870,00;81;0,195;15,83;74,4;6,81;94.299.999.833.107;0;0;7;2.400.000.035.762.780;12;33.000.001.311.302.100
26/8/2024;JAC EJ7;28F749;147,870,00;147,770,00;100;0,195;19,54;91,84;8,4;9.229.999.977.350.230;0;0;9;3.200.000.047.683.710;16;4.500.000.178.813.930
25/8/2024;JAC EJ7;28F749;147,770,00;147,591,00;179;0,195;34,97;164,36;15,04;9.599.999.988.079.070;1;0;5;1.600.000.023.841.850;9;24.000.000.953.674.300
24/8/2024;JAC EJ7;28F749;147,591,00;147,406,00;185;0,195;36,15;169,91;15,54;8.609.999.965.131.280;2;0.20000000298023224;21;800.000.011.920.929;20;570.000.022.649.765
23/8/2024;JAC EJ7;28F749;147,406,00;147,316,00;90;0,195;17,59;82,67;7,56;9.609.999.991.953.370;4;0.6000000089406967;7;2.400.000.035.762.780;4;0.9000000357627869
22/8/2024;JAC EJ7;28F749;147,316,00;147,083,00;233;0,195;45,53;213,99;19,58;8.309.999.951.720.230;0;0;20;7.600.000.113.248.820;32;9.300.000.369.548.790
21/8/2024;JAC EJ7;28F749;147,083,00;147,013,00;70;0,195;13,68;64,3;5,88;9.609.999.987.483.020;0;0;4;12.000.000.178.813.900;10;27.000.001.072.883.600
20/8/2024;JAC EJ7;28F749;147,013,00;146,870,00;143;0,195;27,94;131,32;12,01;9.129.999.972.879.880;2;0.20000000298023224;8;28.000.000.417.232.500;20;570.000.022.649.765
19/8/2024;JAC EJ7;28F749;146,870,00;146,698,00;172;0,195;33,61;157,97;14,45;7.429.999.929.666.510;1;0;33;12.800.000.190.734.800;44;12.900.000.512.599.900
18/8/2024;JAC EJ7;28F749;146,698,00;146,568,00;130;0,195;25,4;119,38;10,92;9.409.999.987.483.020;0;0;12;4.400.000.065.565.100;6;15.000.000.596.046.400
17/8/2024;JAC EJ7;28F749;146,568,00;146,399,00;169;0,195;33,02;155,19;14,2;9.449.999.982.118.600;1;0;5;1.600.000.023.841.850;14;39.000.001.549.720.700
16/8/2024;JAC EJ7;28F749;146,399,00;146,233,00;166;0,195;32,43;152,42;13,94;8.789.999.970.793.720;3;0.4000000059604645;19;7.200.000.107.288.360;16;4.500.000.178.813.930
15/8/2024;JAC EJ7;28F749;146,233,00;146,158,00;75;0,195;14,65;68,86;6,3;909.999.997.317.791;1;0;10;36.000.000.536.441.800;19;5.400.000.214.576.720
14/8/2024;JAC EJ7;28F749;146,158,00;145,949,00;209;0,195;40,84;191,95;17,56;8.019.999.952.614.300;2;0.20000000298023224;32;12.400.000.184.774.300;25;7.200.000.286.102.290
13/8/2024;JAC EJ7;28F749;145,949,00;145,803,00;146;0,195;28,53;134,09;12,27;9.039.999.976.754.180;0;0;16;6.000.000.089.406.960;13;36.000.001.430.511.400
12/8/2024;JAC EJ7;28F749;145,803,00;145,735,00;68;0,195;13,29;62,46;5,71;9.659.999.990.463.250;0;0;5;1.600.000.023.841.850;7;18.000.000.715.255.700
11/8/2024;JAC EJ7;28F749;145,735,00;145,602,00;133;0,195;25,99;122,15;11,18;8.869.999.966.025.350;1;0;12;4.400.000.065.565.100;24;6.900.000.274.181.360
10/8/2024;JAC EJ7;28F749;145,602,00;145,391,00;211;0,195;41,23;193,78;17,73;8.479.999.959.468.840;0;0;21;800.000.011.920.929;25;7.200.000.286.102.290
9/8/2024;JAC EJ7;28F749;145,391,00;145,288,00;103;0,195;20,13;94,61;8,66;93.299.999.833.107;1;0;11;4.000.000.059.604.640;10;27.000.001.072.883.600
8/8/2024;JAC EJ7;28F749;145,288,00;145,204,00;84;0,195;16,41;77,13;7,06;9.959.999.999.403.950;1;0;2;0.4000000059604645;1;0
7/8/2024;JAC EJ7;28F749;145,204,00;145,046,00;158;0,195;30,87;145,09;13,27;9.599.999.989.569.180;2;0.20000000298023224;6;20.000.000.298.023.200;7;18.000.000.715.255.700
6/8/2024;JAC EJ7;28F749;145,046,00;144,938,00;108;0,195;21,1;99,17;9,07;9.679.999.995.231.620;0;0;9;3.200.000.047.683.710;1;0
5/8/2024;JAC EJ7;28F749;144,938,00;144,730,00;208;0,195;40,64;191,01;17,48;9.049.999.979.138.370;1;0;18;6.800.000.101.327.890;10;27.000.001.072.883.600
4/8/2024;JAC EJ7;28F749;144,730,00;144,584,00;146;0,195;28,53;134,09;12,27;8.299.999.952.316.280;1;0;21;800.000.011.920.929;31;9.000.000.357.627.860
3/8/2024;JAC EJ7;28F749;144,584,00;144,488,00;96;0,195;18,76;88,17;8,07;9.789.999.994.635.580;1;0;4;12.000.000.178.813.900;4;0.9000000357627869
2/8/2024;JAC EJ7;28F749;144,488,00;144,328,00;160;0,195;31,26;146,92;13,44;971.999.998.986.721;1;0;2;0.4000000059604645;9;24.000.000.953.674.300
1/8/2024;JAC EJ7;28F749;144,328,00;144,164,00;164;0,195;32,04;150,59;13,78;8.979.999.975.860.110;2;0.20000000298023224;17;6.400.000.095.367.430;13;36.000.001.430.511.400
31/7/2024;JAC EJ7;28F749;144,164,00;144,088,00;76;0,195;14,85;69,8;6,39;9.769.999.992.847.440;0;0;3;0.800000011920929;6;15.000.000.596.046.400
30/7/2024;JAC EJ7;28F749;144,088,00;143,961,00;127;0,195;24,81;116,61;10,67;8.329.999.954.998.490;2;0.20000000298023224;22;8.400.000.125.169.750;28;8.100.000.321.865.080
29/7/2024;JAC EJ7;28F749;143,961,00;143,916,00;45;0,195;8,79;41,31;3,78;9.829.999.995.231.620;0;0;3;0.800000011920929;4;0.9000000357627869
28/7/2024;JAC EJ7;28F749;143,916,00;143,766,00;150;0,195;29,31;137,76;12,6;8.549.999.955.296.510;1;0;14;5.200.000.077.486.030;32;9.300.000.369.548.790
27/7/2024;JAC EJ7;28F749;143,766,00;143,636,00;130;0,195;25,4;119,38;10,92;9.549.999.988.079.070;0;0;7;2.400.000.035.762.780;8;21.000.000.834.465.000
26/7/2024;JAC EJ7;28F749;143,636,00;143,444,00;192;0,195;37,51;176,3;16,13;8.919.999.971.985.810;1;0;16;6.000.000.089.406.960;17;4.800.000.190.734.860
25/7/2024;JAC EJ7;28F749;143,444,00;143,313,00;131;0,195;25,6;120,32;11,01;9.259.999.984.502.790;0;0;15;5.600.000.083.446.500;7;18.000.000.715.255.700
24/7/2024;JAC EJ7;28F749;143,313,00;143,236,00;77;0,195;15,05;70,74;6,47;9.249.999.979.138.370;1;0;10;36.000.000.536.441.800;14;39.000.001.549.720.700
23/7/2024;JAC EJ7;28F749;143,236,00;143,120,00;116;0,195;22,67;106,55;9,75;9.579.999.989.271.160;0;0;7;2.400.000.035.762.780;7;18.000.000.715.255.700
22/7/2024;JAC EJ7;28F749;143,120,00;143,073,00;47;0,195;9,18;43,15;3,95;9.699.999.991.059.300;1;0;4;12.000.000.178.813.900;7;18.000.000.715.255.700
21/7/2024;JAC EJ7;28F749;143,073,00;142,964,00;109;0,195;21,3;100,11;9,16;9.499.999.988.079.070;1;0;9;3.200.000.047.683.710;7;18.000.000.715.255.700
20/7/2024;JAC EJ7;28F749;142,964,00;142,859,00;105;0,195;20,52;96,44;8,82;9.549.999.988.079.070;1;0;7;2.400.000.035.762.780;8;21.000.000.834.465.000
19/7/2024;JAC EJ7;28F749;142,859,00;142,763,00;96;0,195;18,76;88,17;8,07;9.529.999.986.290.930;1;0;6;20.000.000.298.023.200;10;27.000.001.072.883.600
18/7/2024;JAC EJ7;28F749;142,763,00;142,650,00;113;0,195;22,08;103,78;9,49;9.389.999.982.714.650;1;0;8;28.000.000.417.232.500;12;33.000.001.311.302.100
17/7/2024;JAC EJ7;28F749;142,650,00;142,634,00;16;0,195;3,13;14,71;1,35;100;0;0;0;0;1;0
16/7/2024;JAC EJ7;28F749;142,634,00;142,506,00;128;0,195;25,01;117,55;10,75;9.509.999.987.483.020;1;0;8;28.000.000.417.232.500;8;21.000.000.834.465.000
15/7/2024;JAC EJ7;28F749;142,506,00;142,309,00;197;0,195;38,49;180,9;16,55;8.259.999.951.720.230;1;0;22;8.400.000.125.169.750;31;9.000.000.357.627.860
14/7/2024;JAC EJ7;28F749;142,309,00;142,133,00;176;0,195;34,39;161,63;14,79;9.809.999.993.443.480;1;0;2;0.4000000059604645;6;15.000.000.596.046.400
13/7/2024;JAC EJ7;28F749;142,133,00;141,985,00;148;0,195;28,92;135,92;12,44;8.789.999.967.813.490;1;0;17;6.400.000.095.367.430;20;570.000.022.649.765
12/7/2024;JAC EJ7;28F749;141,985,00;141,711,00;274;0,195;53,54;251,64;23,02;9.199.999.979.138.370;5;0.800000011920929;10;36.000.000.536.441.800;13;36.000.001.430.511.400
11/7/2024;JAC EJ7;28F749;141,711,00;141,483,00;228;0,195;44,55;209,39;19,16;8.129.999.949.038.020;4;0.6000000089406967;23;8.800.000.131.130.210;32;9.300.000.369.548.790
10/7/2024;JAC EJ7;28F749;141,483,00;141,373,00;110;0,195;21,49;101;9,24;9.469.999.986.886.970;0;0;9;3.200.000.047.683.710;8;21.000.000.834.465.000
9/7/2024;JAC EJ7;28F749;141,373,00;141,303,00;70;0,195;13,68;64,3;5,88;9.069.999.971.985.810;0;0;10;36.000.000.536.441.800;20;570.000.022.649.765
8/7/2024;JAC EJ7;28F749;141,303,00;141,265,00;38;0,195;7,42;34,87;3,19;9.819.999.995.827.670;1;0;4;12.000.000.178.813.900;3;0.6000000238418579
7/7/2024;JAC EJ7;28F749;141,265,00;141,086,00;179;0,195;34,97;164,36;15,04;9.509.999.985.992.900;2;0.20000000298023224;6;20.000.000.298.023.200;10;27.000.001.072.883.600
6/7/2024;JAC EJ7;28F749;141,086,00;140,919,00;167;0,195;32,63;153,36;14,03;9.419.999.985.396.860;2;0.20000000298023224;9;3.200.000.047.683.710;9;24.000.000.953.674.300
5/7/2024;JAC EJ7;28F749;140,919,00;140,639,00;280;0,195;54,71;257,14;23,53;825.999.994.724.989;2;0.20000000298023224;17;6.400.000.095.367.430;37;10.800.000.429.153.400
4/7/2024;JAC EJ7;28F749;140,639,00;140,564,00;75;0,195;14,65;68,86;6,3;966.999.998.986.721;0;0;4;12.000.000.178.813.900;8;21.000.000.834.465.000
3/7/2024;JAC EJ7;28F749;140,564,00;140,398,00;166;0,195;32,43;152,42;13,94;8.949.999.971.687.790;6;10.000.000.149.011.600;12;4.400.000.065.565.100;18;5.100.000.202.655.790
2/7/2024;JAC EJ7;28F749;140,398,00;140,246,00;152;0,195;29,7;139,59;12,77;9.289.999.979.734.420;1;0;9;3.200.000.047.683.710;14;39.000.001.549.720.700
1/7/2024;JAC EJ7;28F749;140,246,00;140,115,00;131;0,195;25,6;120,32;11,01;9.749.999.994.039.530;0;0;5;1.600.000.023.841.850;4;0.9000000357627869
30/6/2024;JAC EJ7;28F749;140,115,00;139,882,00;233;0,195;45,53;213,99;19,58;9.529.999.986.290.930;3;0.4000000059604645;5;1.600.000.023.841.850;10;27.000.001.072.883.600
29/6/2024;JAC EJ7;28F749;139,882,00;139,604,00;278;0,195;54,32;255,3;23,36;898.999.997.228.384;2;0.20000000298023224;13;4.800.000.071.525.570;18;5.100.000.202.655.790
28/6/2024;JAC EJ7;28F749;139,604,00;139,478,00;126;0,195;24,62;115,71;10,59;9.469.999.983.906.740;0;0;6;20.000.000.298.023.200;12;33.000.001.311.302.100
27/6/2024;JAC EJ7;28F749;139,478,00;139,332,00;146;0,195;28,53;134,09;12,27;941.999.998.241.663;4;0.6000000089406967;5;1.600.000.023.841.850;13;36.000.001.430.511.400
26/6/2024;JAC EJ7;28F749;139,332,00;139,195,00;137;0,195;26,77;125,82;11,51;871.999.996.304.512;0;0;15;5.600.000.083.446.500;25;7.200.000.286.102.290
25/6/2024;JAC EJ7;28F749;139,195,00;139,100,00;95;0,195;18,56;87,23;7,98;9.399.999.985.098.830;1;0;10;36.000.000.536.441.800;9;24.000.000.953.674.300
24/6/2024;JAC EJ7;28F749;139,100,00;139,007,00;93;0,195;18,17;85,4;7,81;9.599.999.989.569.180;2;0.20000000298023224;6;20.000.000.298.023.200;7;18.000.000.715.255.700
23/6/2024;JAC EJ7;28F749;139,007,00;138,896,00;111;0,195;21,69;101,94;9,33;9.899.999.997.019.760;0;0;2;0.4000000059604645;3;0.6000000238418579
22/6/2024;JAC EJ7;28F749;138,896,00;138,715,00;181;0,195;35,37;166,24;15,21;9.269.999.977.946.280;1;0;8;28.000.000.417.232.500;16;4.500.000.178.813.930
21/6/2024;JAC EJ7;28F749;138,715,00;138,537,00;178;0,195;34,78;163,47;14,96;8.989.999.970.793.720;1;0;12;4.400.000.065.565.100;20;570.000.022.649.765
20/6/2024;JAC EJ7;28F749;138,537,00;138,377,00;160;0,195;31,26;146,92;13,44;9.319.999.977.946.280;0;0;6;20.000.000.298.023.200;17;4.800.000.190.734.860
19/6/2024;JAC EJ7;28F749;138,377,00;138,250,00;127;0,195;24,81;116,61;10,67;9.659.999.990.463.250;0;0;5;1.600.000.023.841.850;7;18.000.000.715.255.700
17/6/2024;JAC EJ7;28F749;138,232,00;138,138,00;94;0,195;18,37;86,34;7,9;9.549.999.988.079.070;1;0;7;2.400.000.035.762.780;8;21.000.000.834.465.000
16/6/2024;JAC EJ7;28F749;138,138,00;137,952,00;186;0,195;36,34;170,8;15,63;9.549.999.985.098.830;1;0;4;12.000.000.178.813.900;12;33.000.001.311.302.100
15/6/2024;JAC EJ7;28F749;137,952,00;137,623,00;329;0,195;64,28;302,12;27,64;840.999.995.470.047;3;0.4000000059604645;18;6.800.000.101.327.890;30;870.000.034.570.694
14/6/2024;JAC EJ7;28F749;137,623,00;137,405,00;218;0,195;42,6;200,22;18,32;8.099.999.950.826.160;2;0.20000000298023224;27;10.400.000.154.972.000;29;840.000.033.378.601
13/6/2024;JAC EJ7;28F749;137,405,00;137,278,00;127;0,195;24,81;116,61;10,67;8.799.999.971.687.790;2;0.20000000298023224;20;7.600.000.113.248.820;15;4.200.000.166.893.000
12/6/2024;JAC EJ7;28F749;137,278,00;137,132,00;146;0,195;28,53;134,09;12,27;9.069.999.974.966.040;1;0;13;4.800.000.071.525.570;16;4.500.000.178.813.930
11/6/2024;JAC EJ7;28F749;137,132,00;136,956,00;176;0,195;34,39;161,63;14,79;7.919.999.948.143.950;3;0.4000000059604645;31;12.000.000.178.813.900;29;840.000.033.378.601
10/6/2024;JAC EJ7;28F749;136,956,00;136,854,00;102;0,195;19,93;93,67;8,57;8.929.999.968.409.530;0;0;12;4.400.000.065.565.100;22;6.300.000.250.339.500
9/6/2024;JAC EJ7;28F749;136,854,00;136,594,00;260;0,195;50,8;238,76;21,84;9.129.999.977.350.230;5;0.800000011920929;11;4.000.000.059.604.640;14;39.000.001.549.720.700
8/6/2024;JAC EJ7;28F749;136,594,00;136,329,00;265;0,195;51,78;243,37;22,27;7.219.999.925.792.210;2;0.20000000298023224;37;14.400.000.214.576.700;45;13.200.000.524.520.800
7/6/2024;JAC EJ7;28F749;136,329,00;136,141,00;188;0,195;36,73;172,63;15,79;852.999.995.648.861;1;0;16;6.000.000.089.406.960;30;870.000.034.570.694
6/6/2024;JAC EJ7;28F749;136,141,00;135,919,00;222;0,195;43,38;203,89;18,65;8.559.999.956.190.580;2;0.20000000298023224;14;5.200.000.077.486.030;31;9.000.000.357.627.860
5/6/2024;JAC EJ7;28F749;135,919,00;135,714,00;205;0,195;40,05;188,24;17,22;8.459.999.951.720.230;5;0.800000011920929;12;4.400.000.065.565.100;35;10.200.000.405.311.500
4/6/2024;JAC EJ7;28F749;135,714,00;135,536,00;178;0,195;34,78;163,47;14,96;9.609.999.990.463.250;0;0;7;2.400.000.035.762.780;6;15.000.000.596.046.400
3/6/2024;JAC EJ7;28F749;135,536,00;135,401,00;135;0,195;26,38;123,99;11,34;8.979.999.974.370.000;0;0;16;6.000.000.089.406.960;15;4.200.000.166.893.000
2/6/2024;JAC EJ7;28F749;135,401,00;135,056,00;345;0,195;67,41;316,83;28,99;7.229.999.914.765.350;5;0.800000011920929;24;9.200.000.137.090.680;60;1.770.000.070.333.480
1/6/2024;JAC EJ7;28F749;135,056,00;134,857,00;199;0,195;38,88;182,74;16,72;8.799.999.961.256.980;0;0;10;36.000.000.536.441.800;29;840.000.033.378.601
25/6/2024;JAC EJ7;42F134;124,708,00;124,692,00;16;0,175;2,81;13,21;1,21;NULL;NULL;NULL;NULL;NULL;NULL;NULL
27/6/2024;JAC EJ7;42F134;124,816,00;124,753,00;63;0,175;11,05;51,94;4,75;NULL;NULL;NULL;NULL;NULL;NULL;NULL
2/7/2024;JAC EJ7;42F134;125,289,00;125,264,00;25;0,175;4,38;20,59;1,88;NULL;NULL;NULL;NULL;NULL;NULL;NULL
21/6/2024;JAC EJ7;42F134;124,647,00;124,608,00;39;0,175;6,84;32,15;2,94;NULL;NULL;NULL;NULL;NULL;NULL;NULL
11/6/2024;JAC EJ7;42F134;124,586,00;124,586,00;0;0,175;0;0;0;NULL;NULL;NULL;NULL;NULL;NULL;NULL
31/8/2024;JAC EJ7;42F134;132,801,00;132,658,00;143;0,175;25,08;117,88;10,78;9.619.999.988.377.090;2;0.20000000298023224;4;12.000.000.178.813.900;9;24.000.000.953.674.300
30/8/2024;JAC EJ7;42F134;132,658,00;132,496,00;162;0,175;28,41;133,53;12,22;9.329.999.980.330.460;1;0;8;28.000.000.417.232.500;14;39.000.001.549.720.700
29/8/2024;JAC EJ7;42F134;132,496,00;132,363,00;133;0,175;23,32;109,6;10,03;9.129.999.974.370.000;1;0;10;36.000.000.536.441.800;18;5.100.000.202.655.790
28/8/2024;JAC EJ7;42F134;132,363,00;132,263,00;100;0,175;17,54;82,44;7,54;930.999.998.152.256;1;0;10;36.000.000.536.441.800;12;33.000.001.311.302.100
27/8/2024;JAC EJ7;42F134;132,263,00;132,124,00;139;0,175;24,37;114,54;10,48;8.329.999.962.449.070;3;0.4000000059604645;29;11.200.000.166.893.000;18;5.100.000.202.655.790
26/8/2024;JAC EJ7;42F134;132,124,00;131,936,00;188;0,175;32,97;154,96;14,18;7.149.999.925.494.190;3;0.4000000059604645;39;1.520.000.022.649.760;44;12.900.000.512.599.900
25/8/2024;JAC EJ7;42F134;131,936,00;131,794,00;142;0,175;24,9;117,03;10,71;9.359.999.984.502.790;0;0;11;4.000.000.059.604.640;9;24.000.000.953.674.300
24/8/2024;JAC EJ7;42F134;131,794,00;131,597,00;197;0,175;34,54;162,34;14,85;7.919.999.949.634.070;2;0.20000000298023224;33;12.800.000.190.734.800;27;7.800.000.309.944.150
23/8/2024;JAC EJ7;42F134;131,597,00;131,398,00;199;0,175;34,89;163,98;15;8.869.999.964.535.230;4;0.6000000089406967;9;3.200.000.047.683.710;26;7.500.000.298.023.220
22/8/2024;JAC EJ7;42F134;131,398,00;131,222,00;176;0,175;30,86;145,04;13,27;846.999.996.304.512;1;0;25;9.600.000.143.051.140;20;570.000.022.649.765
21/8/2024;JAC EJ7;42F134;131,222,00;131,069,00;153;0,175;26,83;126,1;11,54;9.059.999.969.601.630;1;0;8;28.000.000.417.232.500;23;6.600.000.262.260.430
20/8/2024;JAC EJ7;42F134;131,069,00;130,969,00;100;0,175;17,54;82,44;7,54;9.849.999.997.019.760;1;0;4;12.000.000.178.813.900;2;0.30000001192092896
19/8/2024;JAC EJ7;42F134;130,969,00;130,874,00;95;0,175;16,66;78,3;7,16;9.239.999.982.714.650;1;0;14;5.200.000.077.486.030;9;24.000.000.953.674.300
18/8/2024;JAC EJ7;42F134;130,874,00;130,705,00;169;0,175;29,63;139,26;12,74;9.139.999.976.754.180;1;0;12;4.400.000.065.565.100;15;4.200.000.166.893.000
17/8/2024;JAC EJ7;42F134;130,705,00;130,560,00;145;0,175;25,43;119,52;10,93;9.239.999.979.734.420;0;0;11;4.000.000.059.604.640;13;36.000.001.430.511.400
16/8/2024;JAC EJ7;42F134;130,560,00;130,316,00;244;0,175;42,79;201,11;18,4;8.439.999.961.853.020;0;0;25;9.600.000.143.051.140;21;6.000.000.238.418.570
15/8/2024;JAC EJ7;42F134;130,316,00;130,116,00;200;0,175;35,07;164,83;15,08;9.069.999.976.456.160;4;0.6000000089406967;13;4.800.000.071.525.570;14;39.000.001.549.720.700
14/8/2024;JAC EJ7;42F134;130,116,00;129,930,00;186;0,175;32,62;153,31;14,03;7.839.999.949.932.090;3;0.4000000059604645;36;14.000.000.208.616.200;25;7.200.000.286.102.290
13/8/2024;JAC EJ7;42F134;129,930,00;129,751,00;179;0,175;31,39;147,53;13,5;8.789.999.969.303.600;2;0.20000000298023224;18;6.800.000.101.327.890;18;5.100.000.202.655.790
12/8/2024;JAC EJ7;42F134;129,751,00;129,666,00;85;0,175;14,9;70,03;6,41;919.999.998.062.849;2;0.20000000298023224;13;4.800.000.071.525.570;11;30.000.001.192.092.800
11/8/2024;JAC EJ7;42F134;129,666,00;129,578,00;88;0,175;15,43;72,52;6,63;9.529.999.986.290.930;0;0;6;20.000.000.298.023.200;10;27.000.001.072.883.600
10/8/2024;JAC EJ7;42F134;129,578,00;129,405,00;173;0,175;30,34;142,6;13,05;8.609.999.963.641.160;0;0;20;7.600.000.113.248.820;22;6.300.000.250.339.500
9/8/2024;JAC EJ7;42F134;129,405,00;129,256,00;149;0,175;26,13;122,81;11,24;9.079.999.974.370.000;1;0;12;4.400.000.065.565.100;17;4.800.000.190.734.860
8/8/2024;JAC EJ7;42F134;129,256,00;129,168,00;88;0,175;15,43;72,52;6,63;9.059.999.978.542.320;1;0;17;6.400.000.095.367.430;11;30.000.001.192.092.800
7/8/2024;JAC EJ7;42F134;129,168,00;129,111,00;57;0,175;9,99;46,95;4,3;9.659.999.990.463.250;1;0;5;1.600.000.023.841.850;7;18.000.000.715.255.700
6/8/2024;JAC EJ7;42F134;129,111,00;128,991,00;120;0,175;21,04;98,89;9,05;9.339.999.982.714.650;0;0;10;36.000.000.536.441.800;11;30.000.001.192.092.800
5/8/2024;JAC EJ7;42F134;128,991,00;128,914,00;77;0,175;13,5;63,45;5,81;9.419.999.986.886.970;0;0;11;4.000.000.059.604.640;7;18.000.000.715.255.700
4/8/2024;JAC EJ7;42F134;128,914,00;128,836,00;78;0,175;13,68;64,3;5,88;9.919.999.998.807.900;0;0;3;0.800000011920929;0;0
3/8/2024;JAC EJ7;42F134;128,836,00;128,735,00;101;0,175;17,71;83,24;7,62;9.499.999.985.098.830;0;0;6;20.000.000.298.023.200;11;30.000.001.192.092.800
2/8/2024;JAC EJ7;42F134;128,735,00;128,597,00;138;0,175;24,2;113,74;10,41;8.919.999.974.966.040;1;0;19;7.200.000.107.288.360;13;36.000.001.430.511.400
1/8/2024;JAC EJ7;42F134;128,597,00;128,479,00;118;0,175;20,69;97,24;8,9;8.879.999.968.409.530;1;0;14;5.200.000.077.486.030;21;6.000.000.238.418.570
31/7/2024;JAC EJ7;42F134;128,479,00;128,398,00;81;0,175;14,2;66,74;6,11;941.999.998.241.663;2;0.20000000298023224;6;20.000.000.298.023.200;13;36.000.001.430.511.400
30/7/2024;JAC EJ7;42F134;128,398,00;128,271,00;127;0,175;22,27;104,67;9,58;930.999.998.152.256;0;0;10;36.000.000.536.441.800;12;33.000.001.311.302.100
29/7/2024;JAC EJ7;42F134;128,271,00;128,096,00;175;0,175;30,69;144,24;13,2;9.789.999.994.635.580;0;0;4;12.000.000.178.813.900;4;0.9000000357627869
28/7/2024;JAC EJ7;42F134;128,096,00;127,965,00;131;0,175;22,97;107,96;9,88;889.999.997.317.791;0;0;18;6.800.000.101.327.890;15;4.200.000.166.893.000
27/7/2024;JAC EJ7;42F134;127,965,00;127,728,00;237;0,175;41,56;195,33;17,87;972.999.999.076.128;2;0.20000000298023224;2;0.4000000059604645;8;21.000.000.834.465.000
26/7/2024;JAC EJ7;42F134;127,728,00;127,491,00;237;0,175;41,56;195,33;17,87;9.239.999.978.244.300;2;0.20000000298023224;9;3.200.000.047.683.710;15;4.200.000.166.893.000
25/7/2024;JAC EJ7;42F134;127,491,00;127,408,00;83;0,175;14,55;68,39;6,26;9.969.999.998.807.900;1;0;1;0;2;0.30000001192092896
24/7/2024;JAC EJ7;42F134;127,408,00;127,334,00;74;0,175;12,98;61,01;5,58;9.739.999.994.635.580;0;0;6;20.000.000.298.023.200;3;0.6000000238418579
23/7/2024;JAC EJ7;42F134;127,334,00;127,305,00;29;0,175;5,09;23,92;2,19;100;1;0;1;0;1;0
22/7/2024;JAC EJ7;42F134;127,305,00;127,249,00;56;0,175;9,82;46,15;4,22;9.459.999.984.502.790;0;0;7;2.400.000.035.762.780;11;30.000.001.192.092.800
21/7/2024;JAC EJ7;42F134;127,249,00;127,163,00;86;0,175;15,08;70,88;6,48;9.779.999.995.231.620;0;0;5;1.600.000.023.841.850;3;0.6000000238418579
20/7/2024;JAC EJ7;42F134;127,163,00;127,084,00;79;0,175;13,85;65,1;5,96;968.999.999.165.535;1;0;5;1.600.000.023.841.850;6;15.000.000.596.046.400
19/7/2024;JAC EJ7;42F134;127,084,00;126,945,00;139;0,175;24,37;114,54;10,48;9.299.999.976.158.140;1;0;5;1.600.000.023.841.850;19;5.400.000.214.576.720
18/7/2024;JAC EJ7;42F134;126,945,00;126,896,00;49;0,175;8,59;40,37;3,69;100;0;0;0;0;0;0
17/7/2024;JAC EJ7;42F134;126,896,00;126,819,00;77;0,175;13,5;63,45;5,81;9.909.999.996.423.720;0;0;1;0;4;0.9000000357627869
16/7/2024;JAC EJ7;42F134;126,819,00;126,616,00;203;0,175;35,6;167,32;15,31;9.469.999.983.906.740;1;0;6;20.000.000.298.023.200;12;33.000.001.311.302.100
15/7/2024;JAC EJ7;42F134;126,616,00;126,446,00;170;0,175;29,81;140,11;12,82;8.829.999.966.919.420;2;0.20000000298023224;14;5.200.000.077.486.030;22;6.300.000.250.339.500
14/7/2024;JAC EJ7;42F134;126,446,00;126,315,00;131;0,175;22,97;107,96;9,88;9.909.999.996.423.720;1;0;1;0;4;0.9000000357627869
13/7/2024;JAC EJ7;42F134;126,315,00;126,287,00;28;0,175;4,91;23,08;2,11;100;0;0;0;0;1;0
12/7/2024;JAC EJ7;42F134;126,287,00;126,208,00;79;0,175;13,85;65,1;5,96;892.999.997.138.977;1;0;15;5.600.000.083.446.500;18;5.100.000.202.655.790
11/7/2024;JAC EJ7;42F134;126,208,00;126,025,00;183;0,175;32,09;150,82;13,8;9.459.999.984.502.790;1;0;7;2.400.000.035.762.780;11;30.000.001.192.092.800
10/7/2024;JAC EJ7;42F134;126,025,00;125,932,00;93;0,175;16,31;76,66;7,01;100;0;0;0;0;0;0
9/7/2024;JAC EJ7;42F134;125,932,00;125,848,00;84;0,175;14,73;69,23;6,33;9.589.999.990.165.230;2;0.20000000298023224;7;2.400.000.035.762.780;6;15.000.000.596.046.400
8/7/2024;JAC EJ7;42F134;125,848,00;125,842,00;6;0,175;1,05;4,94;0,45;100;0;0;0;0;0;0
7/7/2024;JAC EJ7;42F134;125,842,00;125,816,00;26;0,175;4,56;21,43;1,96;9.739.999.994.635.580;0;0;6;20.000.000.298.023.200;3;0.6000000238418579
6/7/2024;JAC EJ7;42F134;125,816,00;125,699,00;117;0,175;20,52;96,44;8,82;9.669.999.992.847.440;0;0;7;2.400.000.035.762.780;4;0.9000000357627869
5/7/2024;JAC EJ7;42F134;125,699,00;125,549,00;150;0,175;26,3;123,61;11,31;9.659.999.993.443.480;1;0;8;28.000.000.417.232.500;3;0.6000000238418579
4/7/2024;JAC EJ7;42F134;125,549,00;125,442,00;107;0,175;18,76;88,17;8,07;9.589.999.988.675.110;1;0;6;20.000.000.298.023.200;8;21.000.000.834.465.000
3/7/2024;JAC EJ7;42F134;125,442,00;125,289,00;153;0,175;26,83;126,1;11,54;9.869.999.995.827.670;0;0;2;0.4000000059604645;4;0.9000000357627869
1/7/2024;JAC EJ7;42F134;125,264,00;125,143,00;121;0,175;21,22;99,73;9,12;9.469.999.986.886.970;0;0;9;3.200.000.047.683.710;8;21.000.000.834.465.000
30/6/2024;JAC EJ7;42F134;125,143,00;125,094,00;49;0,175;8,59;40,37;3,69;9.969.999.998.807.900;0;0;0;0;2;0.30000001192092896
29/6/2024;JAC EJ7;42F134;125,094,00;124,945,00;149;0,175;26,13;122,81;11,24;9.059.999.975.562.090;1;0;14;5.200.000.077.486.030;15;4.200.000.166.893.000
28/6/2024;JAC EJ7;42F134;124,945,00;124,816,00;129;0,175;22,62;106,31;9,73;9.449.999.985.098.830;0;0;8;28.000.000.417.232.500;10;27.000.001.072.883.600
26/6/2024;JAC EJ7;42F134;124,753,00;124,708,00;45;0,175;7,89;37,08;3,39;9.969.999.998.807.900;0;0;1;0;2;0.30000001192092896
24/6/2024;JAC EJ7;42F134;124,692,00;124,685,00;7;0,175;1,23;5,78;0,53;100;0;0;0;0;0;0
22/6/2024;JAC EJ7;42F134;124,685,00;124,647,00;38;0,175;6,66;31,3;2,86;9.899.999.997.019.760;0;0;2;0.4000000059604645;3;0.6000000238418579
20/6/2024;JAC EJ7;42F134;124,608,00;124,603,00;5;0,175;0,88;4,14;0,38;100;0;0;0;0;0;0
19/6/2024;JAC EJ7;42F134;124,603,00;124,602,00;1;0,175;0,18;0,85;0,08;100;0;0;0;0;0;0
15/6/2024;JAC EJ7;42F134;124,602,00;124,596,00;6;0,175;1,05;4,94;0,45;100;0;0;0;0;0;0
13/6/2024;JAC EJ7;42F134;124,596,00;124,594,00;2;0,175;0,35;1,65;0,15;100;0;0;0;0;0;0
12/6/2024;JAC EJ7;42F134;124,594,00;124,586,00;8;0,175;1,4;6,58;0,6;100;0;0;0;0;0;0
9/6/2024;JAC EJ7;42F134;124,586,00;124,576,00;10;0,175;1,75;8,23;0,75;992.999.999.821.186;0;0;2;0.4000000059604645;2;0.30000001192092896
8/6/2024;JAC EJ7;42F134;124,576,00;124,540,00;36;0,175;6,31;29,66;2,71;100;0;0;0;0;0;0
7/6/2024;JAC EJ7;42F134;124,540,00;124,363,00;177;0,175;31,04;145,89;13,35;904.999.997.317.791;1;0;12;4.400.000.065.565.100;18;5.100.000.202.655.790
6/6/2024;JAC EJ7;42F134;124,363,00;124,232,00;131;0,175;22,97;107,96;9,88;9.309.999.978.542.320;7;12.000.000.178.813.900;4;12.000.000.178.813.900;16;4.500.000.178.813.930
5/6/2024;JAC EJ7;42F134;124,232,00;124,093,00;139;0,175;24,37;114,54;10,48;9.119.999.974.966.040;0;0;11;4.000.000.059.604.640;17;4.800.000.190.734.860
4/6/2024;JAC EJ7;42F134;124,093,00;123,965,00;128;0,175;22,44;105,47;9,65;9.019.999.970.495.700;2;0.20000000298023224;10;36.000.000.536.441.800;21;6.000.000.238.418.570
3/6/2024;JAC EJ7;42F134;123,965,00;123,797,00;168;0,175;29,46;138,46;12,67;8.369.999.957.084.650;0;0;23;8.800.000.131.130.210;26;7.500.000.298.023.220
2/6/2024;JAC EJ7;42F134;123,797,00;123,627,00;170;0,175;29,81;140,11;12,82;8.599.999.965.727.320;2;0.20000000298023224;22;8.400.000.125.169.750;19;5.400.000.214.576.720
1/6/2024;JAC EJ7;42F134;123,627,00;123,376,00;251;0,175;44,01;206,85;18,92;8.799.999.970.197.670;0;0;19;7.200.000.107.288.360;17;4.800.000.190.734.860
17/6/2024;JAC EJ7;80F209;157,478,00;157,378,00;100;0,175;17,54;82,44;7,54;NULL;NULL;NULL;NULL;NULL;NULL;NULL
16/6/2024;JAC EJ7;80F209;157,378,00;157,154,00;224;0,175;39,28;184,62;16,89;NULL;NULL;NULL;NULL;NULL;NULL;NULL
1/7/2024;JAC EJ7;80F209;159,524,00;159,386,00;138;0,175;24,2;113,74;10,41;NULL;NULL;NULL;NULL;NULL;NULL;NULL
20/6/2024;JAC EJ7;80F209;157,777,00;157,724,00;53;0,175;9,29;43,66;3,99;NULL;NULL;NULL;NULL;NULL;NULL;NULL
10/7/2024;JAC EJ7;80F209;160,950,00;160,836,00;114;0,175;19,99;93,95;8,6;NULL;NULL;NULL;NULL;NULL;NULL;NULL
22/6/2024;JAC EJ7;80F209;158,172,00;157,944,00;228;0,175;39,98;187,91;17,19;NULL;NULL;NULL;NULL;NULL;NULL;NULL
5/7/2024;JAC EJ7;80F209;160,348,00;160,069,00;279;0,175;48,92;229,92;21,04;NULL;NULL;NULL;NULL;NULL;NULL;NULL
2/6/2024;JAC EJ7;80F209;155,649,00;NULL;NULL;0,175;NULL;NULL;NULL;NULL;NULL;NULL;NULL;NULL;NULL;NULL
8/6/2024;JAC EJ7;80F209;155,973,00;155,704,00;269;0,175;47,17;221,7;20,28;NULL;NULL;NULL;NULL;NULL;NULL;NULL
24/6/2024;JAC EJ7;80F209;158,436,00;158,244,00;192;0,175;33,67;158,25;14,48;NULL;NULL;NULL;NULL;NULL;NULL;NULL
8/7/2024;JAC EJ7;80F209;160,762,00;160,751,00;11;0,175;1,93;9,07;0,83;NULL;NULL;NULL;NULL;NULL;NULL;NULL
11/7/2024;JAC EJ7;80F209;161,183,00;160,950,00;233;0,175;40,86;192,04;17,57;NULL;NULL;NULL;NULL;NULL;NULL;NULL
13/6/2024;JAC EJ7;80F209;156,719,00;156,563,00;156;0,175;27,35;128,55;11,76;NULL;NULL;NULL;NULL;NULL;NULL;NULL
14/7/2024;JAC EJ7;80F209;161,755,00;161,582,00;173;0,175;30,34;142,6;13,05;NULL;NULL;NULL;NULL;NULL;NULL;NULL
19/6/2024;JAC EJ7;80F209;157,724,00;157,507,00;217;0,175;38,05;178,84;16,36;NULL;NULL;NULL;NULL;NULL;NULL;NULL
15/6/2024;JAC EJ7;80F209;157,154,00;156,898,00;256;0,175;44,89;210,98;19,3;NULL;NULL;NULL;NULL;NULL;NULL;NULL
12/6/2024;JAC EJ7;80F209;156,563,00;156,384,00;179;0,175;31,39;147,53;13,5;NULL;NULL;NULL;NULL;NULL;NULL;NULL
21/6/2024;JAC EJ7;80F209;157,944,00;157,777,00;167;0,175;29,28;137,62;12,59;NULL;NULL;NULL;NULL;NULL;NULL;NULL
9/6/2024;JAC EJ7;80F209;156,239,00;155,973,00;266;0,175;46,64;219,21;20,06;NULL;NULL;NULL;NULL;NULL;NULL;NULL
11/6/2024;JAC EJ7;80F209;156,384,00;156,384,00;0;0,175;0;0;0;NULL;NULL;NULL;NULL;NULL;NULL;NULL
10/6/2024;JAC EJ7;80F209;156,384,00;156,239,00;145;0,175;25,43;119,52;10,93;NULL;NULL;NULL;NULL;NULL;NULL;NULL
28/6/2024;JAC EJ7;80F209;159,039,00;158,879,00;160;0,175;28,06;131,88;12,07;NULL;NULL;NULL;NULL;NULL;NULL;NULL
5/6/2024;JAC EJ7;80F209;155,664,00;155,657,00;7;0,175;1,23;5,78;0,53;NULL;NULL;NULL;NULL;NULL;NULL;NULL
26/6/2024;JAC EJ7;80F209;158,719,00;158,553,00;166;0,175;29,11;136,82;12,52;NULL;NULL;NULL;NULL;NULL;NULL;NULL
9/7/2024;JAC EJ7;80F209;160,836,00;160,762,00;74;0,175;12,98;61,01;5,58;NULL;NULL;NULL;NULL;NULL;NULL;NULL
13/7/2024;JAC EJ7;80F209;161,582,00;161,359,00;223;0,175;39,1;183,77;16,81;NULL;NULL;NULL;NULL;NULL;NULL;NULL
4/7/2024;JAC EJ7;80F209;160,069,00;159,897,00;172;0,175;30,16;141,75;12,97;NULL;NULL;NULL;NULL;NULL;NULL;NULL
4/6/2024;JAC EJ7;80F209;155,657,00;155,649,00;8;0,175;1,4;6,58;0,6;NULL;NULL;NULL;NULL;NULL;NULL;NULL
30/6/2024;JAC EJ7;80F209;159,386,00;159,214,00;172;0,175;30,16;141,75;12,97;NULL;NULL;NULL;NULL;NULL;NULL;NULL
14/6/2024;JAC EJ7;80F209;156,898,00;156,719,00;179;0,175;31,39;147,53;13,5;NULL;NULL;NULL;NULL;NULL;NULL;NULL
18/6/2024;JAC EJ7;80F209;157,507,00;157,478,00;29;0,175;5,09;23,92;2,19;NULL;NULL;NULL;NULL;NULL;NULL;NULL
12/7/2024;JAC EJ7;80F209;161,359,00;161,183,00;176;0,175;30,86;145,04;13,27;NULL;NULL;NULL;NULL;NULL;NULL;NULL
6/7/2024;JAC EJ7;80F209;160,579,00;160,348,00;231;0,175;40,51;190,4;17,42;NULL;NULL;NULL;NULL;NULL;NULL;NULL
29/6/2024;JAC EJ7;80F209;159,214,00;159,039,00;175;0,175;30,69;144,24;13,2;NULL;NULL;NULL;NULL;NULL;NULL;NULL
7/7/2024;JAC EJ7;80F209;160,751,00;160,579,00;172;0,175;30,16;141,75;12,97;NULL;NULL;NULL;NULL;NULL;NULL;NULL
3/7/2024;JAC EJ7;80F209;159,897,00;159,735,00;162;0,175;28,41;133,53;12,22;NULL;NULL;NULL;NULL;NULL;NULL;NULL
23/6/2024;JAC EJ7;80F209;158,244,00;158,172,00;72;0,175;12,63;59,36;5,43;NULL;NULL;NULL;NULL;NULL;NULL;NULL
2/7/2024;JAC EJ7;80F209;159,735,00;159,524,00;211;0,175;37;173,9;15,91;NULL;NULL;NULL;NULL;NULL;NULL;NULL
7/6/2024;JAC EJ7;80F209;155,704,00;155,664,00;40;0,175;7,01;32,95;3,01;NULL;NULL;NULL;NULL;NULL;NULL;NULL
27/6/2024;JAC EJ7;80F209;158,879,00;158,719,00;160;0,175;28,06;131,88;12,07;NULL;NULL;NULL;NULL;NULL;NULL;NULL
25/6/2024;JAC EJ7;80F209;158,553,00;158,436,00;117;0,175;20,52;96,44;8,82;NULL;NULL;NULL;NULL;NULL;NULL;NULL
31/8/2024;JAC EJ7;80F209;168,752,00;168,519,00;233;0,175;40,86;192,04;17,57;8.619.999.960.064.880;0;0;16;6.000.000.089.406.960;27;7.800.000.309.944.150
30/8/2024;JAC EJ7;80F209;168,519,00;168,366,00;153;0,175;26,83;126,1;11,54;8.479.999.962.449.070;1;0;24;9.200.000.137.090.680;21;6.000.000.238.418.570
29/8/2024;JAC EJ7;80F209;168,366,00;168,171,00;195;0,175;34,19;160,69;14,7;8.489.999.955.892.560;3;0.4000000059604645;16;6.000.000.089.406.960;30;870.000.034.570.694
28/8/2024;JAC EJ7;80F209;168,171,00;168,055,00;116;0,175;20,34;95,6;8,75;8.869.999.966.025.350;0;0;12;4.400.000.065.565.100;24;6.900.000.274.181.360
27/8/2024;JAC EJ7;80F209;168,055,00;167,986,00;69;0,175;12,1;56,87;5,2;8.989.999.970.793.720;1;0;12;4.400.000.065.565.100;20;570.000.022.649.765
26/8/2024;JAC EJ7;80F209;167,986,00;167,837,00;149;0,175;26,13;122,81;11,24;8.169.999.951.124.190;1;0;25;9.600.000.143.051.140;30;870.000.034.570.694
25/8/2024;JAC EJ7;80F209;167,837,00;167,609,00;228;0,175;39,98;187,91;17,19;7.699.999.937.415.120;3;0.4000000059604645;29;11.200.000.166.893.000;39;114.000.004.529.953
24/8/2024;JAC EJ7;80F209;167,609,00;167,326,00;283;0,175;49,62;233,21;21,34;8.979.999.968.409.530;0;0;10;36.000.000.536.441.800;23;6.600.000.262.260.430
23/8/2024;JAC EJ7;80F209;167,326,00;167,166,00;160;0,175;28,06;131,88;12,07;8.389.999.957.382.670;2;0.20000000298023224;22;8.400.000.125.169.750;26;7.500.000.298.023.220
22/8/2024;JAC EJ7;80F209;167,166,00;166,967,00;199;0,175;34,89;163,98;15;8.289.999.955.892.560;1;0;25;9.600.000.143.051.140;26;7.500.000.298.023.220
21/8/2024;JAC EJ7;80F209;166,967,00;166,848,00;119;0,175;20,87;98,09;8,97;9.489.999.985.694.880;1;0;7;2.400.000.035.762.780;10;27.000.001.072.883.600
20/8/2024;JAC EJ7;80F209;166,848,00;166,744,00;104;0,175;18,24;85,73;7,84;7.659.999.942.779.540;0;0;37;14.400.000.214.576.700;31;9.000.000.357.627.860
19/8/2024;JAC EJ7;80F209;166,744,00;166,614,00;130;0,175;22,8;107,16;9,8;9.619.999.986.886.970;1;0;3;0.800000011920929;11;30.000.001.192.092.800
18/8/2024;JAC EJ7;80F209;166,614,00;166,366,00;248;0,175;43,49;204,4;18,7;9.039.999.973.773.950;1;0;13;4.800.000.071.525.570;17;4.800.000.190.734.860
17/8/2024;JAC EJ7;80F209;166,366,00;166,194,00;172;0,175;30,16;141,75;12,97;9.649.999.988.079.070;0;0;3;0.800000011920929;10;27.000.001.072.883.600
16/8/2024;JAC EJ7;80F209;166,194,00;165,925,00;269;0,175;47,17;221,7;20,28;8.309.999.953.210.350;2;0.20000000298023224;21;800.000.011.920.929;30;870.000.034.570.694
15/8/2024;JAC EJ7;80F209;165,925,00;165,768,00;157;0,175;27,53;129,39;11,84;9.049.999.976.158.140;0;0;15;5.600.000.083.446.500;14;39.000.001.549.720.700
14/8/2024;JAC EJ7;80F209;165,768,00;165,635,00;133;0,175;23,32;109,6;10,03;9.829.999.995.231.620;1;0;3;0.800000011920929;4;0.9000000357627869
13/8/2024;JAC EJ7;80F209;165,635,00;165,542,00;93;0,175;16,31;76,66;7,01;9.099.999.976.158.140;1;0;13;4.800.000.071.525.570;15;4.200.000.166.893.000
12/8/2024;JAC EJ7;80F209;165,542,00;165,436,00;106;0,175;18,59;87,37;7,99;9.219.999.980.926.510;1;0;13;4.800.000.071.525.570;11;30.000.001.192.092.800
11/8/2024;JAC EJ7;80F209;165,436,00;165,215,00;221;0,175;38,75;182,13;16,66;8.609.999.959.170.810;2;0.20000000298023224;15;5.600.000.083.446.500;28;8.100.000.321.865.080
10/8/2024;JAC EJ7;80F209;165,215,00;164,991,00;224;0,175;39,28;184,62;16,89;8.339.999.951.422.210;4;0.6000000089406967;17;6.400.000.095.367.430;33;9.600.000.381.469.720
9/8/2024;JAC EJ7;80F209;164,991,00;164,874,00;117;0,175;20,52;96,44;8,82;9.569.999.986.886.970;1;0;5;1.600.000.023.841.850;10;27.000.001.072.883.600
8/8/2024;JAC EJ7;80F209;164,874,00;164,796,00;78;0,175;13,68;64,3;5,88;9.529.999.986.290.930;0;0;6;20.000.000.298.023.200;10;27.000.001.072.883.600
7/8/2024;JAC EJ7;80F209;164,796,00;164,704,00;92;0,175;16,13;75,81;6,94;9.229.999.978.840.350;2;0.20000000298023224;10;36.000.000.536.441.800;14;39.000.001.549.720.700
6/8/2024;JAC EJ7;80F209;164,704,00;164,619,00;85;0,175;14,9;70,03;6,41;9.549.999.988.079.070;0;0;7;2.400.000.035.762.780;8;21.000.000.834.465.000
5/8/2024;JAC EJ7;80F209;164,619,00;164,552,00;67;0,175;11,75;55,23;5,05;9.679.999.989.271.160;0;0;3;0.800000011920929;9;24.000.000.953.674.300
4/8/2024;JAC EJ7;80F209;164,552,00;164,426,00;126;0,175;22,09;103,82;9,5;9.919.999.998.807.900;0;0;3;0.800000011920929;0;0
3/8/2024;JAC EJ7;80F209;164,426,00;164,329,00;97;0,175;17,01;79,95;7,31;9.969.999.998.807.900;1;0;1;0;2;0.30000001192092896
2/8/2024;JAC EJ7;80F209;164,329,00;164,190,00;139;0,175;24,37;114,54;10,48;9.549.999.988.079.070;0;0;7;2.400.000.035.762.780;8;21.000.000.834.465.000
1/8/2024;JAC EJ7;80F209;164,190,00;164,132,00;58;0,175;10,17;47,8;4,37;100;0;0;0;0;0;0
31/7/2024;JAC EJ7;80F209;164,132,00;163,996,00;136;0,175;23,85;112,1;10,26;9.189.999.981.224.530;2;0.20000000298023224;14;5.200.000.077.486.030;10;27.000.001.072.883.600
30/7/2024;JAC EJ7;80F209;163,996,00;163,845,00;151;0,175;26,48;124,46;11,39;9.879.999.996.721.740;4;0.6000000089406967;1;0;3;0.6000000238418579
29/7/2024;JAC EJ7;80F209;163,845,00;163,760,00;85;0,175;14,9;70,03;6,41;9.399.999.985.098.830;1;0;10;36.000.000.536.441.800;9;24.000.000.953.674.300
28/7/2024;JAC EJ7;80F209;163,760,00;163,664,00;96;0,175;16,83;79,1;7,24;9.819.999.992.847.440;0;0;1;0;7;18.000.000.715.255.700
27/7/2024;JAC EJ7;80F209;163,664,00;163,444,00;220;0,175;38,58;181,33;16,59;9.199.999.979.138.370;0;0;12;4.400.000.065.565.100;13;36.000.001.430.511.400
26/7/2024;JAC EJ7;80F209;163,444,00;163,252,00;192;0,175;33,67;158,25;14,48;8.309.999.951.720.230;1;0;20;7.600.000.113.248.820;32;9.300.000.369.548.790
25/7/2024;JAC EJ7;80F209;163,252,00;163,140,00;112;0,175;19,64;92,31;8,45;9.739.999.993.145.460;2;0.20000000298023224;4;12.000.000.178.813.900;5;12.000.000.476.837.100
24/7/2024;JAC EJ7;80F209;163,140,00;163,020,00;120;0,175;21,04;98,89;9,05;8.689.999.967.813.490;1;0;21;800.000.011.920.929;18;5.100.000.202.655.790
23/7/2024;JAC EJ7;80F209;163,020,00;162,927,00;93;0,175;16,31;76,66;7,01;9.409.999.987.483.020;0;0;12;4.400.000.065.565.100;6;15.000.000.596.046.400
22/7/2024;JAC EJ7;80F209;162,927,00;162,784,00;143;0,175;25,08;117,88;10,78;9.759.999.993.443.480;1;0;4;12.000.000.178.813.900;5;12.000.000.476.837.100
21/7/2024;JAC EJ7;80F209;162,784,00;162,640,00;144;0,175;25,25;118,68;10,86;100;0;0;1;0;1;0
20/7/2024;JAC EJ7;80F209;162,640,00;162,456,00;184;0,175;32,26;151,62;13,87;9.129.999.975.860.110;2;0.20000000298023224;11;4.000.000.059.604.640;16;4.500.000.178.813.930
19/7/2024;JAC EJ7;80F209;162,456,00;162,383,00;73;0,175;12,8;60,16;5,5;9.599.999.988.079.070;0;0;5;1.600.000.023.841.850;9;24.000.000.953.674.300
18/7/2024;JAC EJ7;80F209;162,383,00;162,199,00;184;0,175;32,26;151,62;13,87;9.489.999.982.714.650;5;0.800000011920929;2;0.4000000059604645;14;39.000.001.549.720.700
17/7/2024;JAC EJ7;80F209;162,199,00;162,088,00;111;0,175;19,46;91,46;8,37;9.129.999.975.860.110;2;0.20000000298023224;11;4.000.000.059.604.640;16;4.500.000.178.813.930
16/7/2024;JAC EJ7;80F209;162,088,00;161,910,00;178;0,175;31,21;146,69;13,42;9.539.999.985.694.880;1;0;5;1.600.000.023.841.850;11;30.000.001.192.092.800
15/7/2024;JAC EJ7;80F209;161,910,00;161,755,00;155;0,175;27,18;127,75;11,69;9.869.999.995.827.670;0;0;2;0.4000000059604645;4;0.9000000357627869
